STAK-prometheus-mysqld-exporter-pvs___1.0-20260914.0422	filippo.io/edwards25519	v1.1.0	CVE-2026-26958	true	prometheus-mysqld-exporter-0.17.2-1.sl9^1
STAK-consul-pvs___1.0-20260914.0422	github.com/coredns/coredns	v1.10.1	CVE-2023-30464	true	consul-1.16.1-1.sl9^1
STAK-prometheus-mtail-pvs___1.0-20260914.0422	github.com/golang/glog	v1.2.2	CVE-2024-45339	true	prometheus-mtail-3.0.8-1.sl9^1
STAK-prometheus-server-pvs___1.0-20260914.0422	github.com/golang-jwt/jwt/v5	v5.2.1	CVE-2025-30204	true	prometheus-server-3.2.1-1.sl9^1
STAK-etcd-pvs___1.0-20260914.0422	github.com/gorilla/websocket	v1.4.2	GHSA-w67g-5rqw-f597	true	etcd-3.5.33-1.sl9^1^1
STAK-consul-pvs___1.0-20260914.0422	github.com/hashicorp/consul	UNKNOWN	CVE-2025-11375	true	consul-1.16.1-1.sl9^1
STAK-consul-pvs___1.0-20260914.0422	github.com/hashicorp/consul	UNKNOWN	CVE-2025-11374	true	consul-1.16.1-1.sl9^1
STAK-consul-pvs___1.0-20260914.0422	github.com/hashicorp/consul	UNKNOWN	CVE-2024-10086	true	consul-1.16.1-1.sl9^1
STAK-consul-pvs___1.0-20260914.0422	github.com/hashicorp/consul	UNKNOWN	CVE-2024-10006	true	consul-1.16.1-1.sl9^1
STAK-consul-pvs___1.0-20260914.0422	github.com/hashicorp/consul	UNKNOWN	CVE-2024-10005	true	consul-1.16.1-1.sl9^1
STAK-prometheus-alertmanager-pvs___1.0-20260914.0422	github.com/prometheus/client_golang	v1.11.0	CVE-2022-21698	true	golang-github-prometheus-alertmanager-0.23.0-6.sl9^1
STAK-prometheus-server-pvs___1.0-20260914.0422	github.com/prometheus/prometheus	UNKNOWN	CVE-2026-44903	true	prometheus-server-3.2.1-1.sl9^1
STAK-prometheus-server-pvs___1.0-20260914.0422	github.com/prometheus/prometheus	UNKNOWN	CVE-2026-42154	true	prometheus-server-3.2.1-1.sl9^1
STAK-prometheus-server-pvs___1.0-20260914.0422	github.com/prometheus/prometheus	UNKNOWN	CVE-2026-42151	true	prometheus-server-3.2.1-1.sl9^1
STAK-etcd-pvs___1.0-20260914.0422	go.opentelemetry.io/otel	v1.43.0	CVE-2026-41178	true	etcd-3.5.33-1.sl9^1^1
STAK-prometheus-server-pvs___1.0-20260914.0422	go.opentelemetry.io/otel/exporters/otlp/otlptrace/otlptracehttp	v1.34.0	CVE-2026-39882	true	prometheus-server-3.2.1-1.sl9^1
STAK-consul-pvs___1.0-20260914.0422	go.opentelemetry.io/otel/sdk	v1.16.0	CVE-2026-39883	true	consul-1.16.1-1.sl9^1
STAK-prometheus-libvirt-exporter-pvs___1.0-20260914.0422	golang.org/x/crypto	v0.39.0	CVE-2026-56855	true	prometheus_libvirt_exporter-2.2.0-1.sl9^1
STAK-consul-pvs___1.0-20260914.0422	golang.org/x/crypto	v0.11.0	CVE-2026-56855	true	consul-1.16.1-1.sl9^1
STAK-prometheus-libvirt-exporter-pvs___1.0-20260914.0422	golang.org/x/crypto	v0.39.0	CVE-2026-56854	true	prometheus_libvirt_exporter-2.2.0-1.sl9^1
STAK-prometheus-libvirt-exporter-pvs___1.0-20260914.0422	golang.org/x/crypto	v0.39.0	CVE-2026-46598	true	prometheus_libvirt_exporter-2.2.0-1.sl9^1
STAK-consul-pvs___1.0-20260914.0422	golang.org/x/crypto	v0.11.0	CVE-2026-46598	true	consul-1.16.1-1.sl9^1
STAK-prometheus-libvirt-exporter-pvs___1.0-20260914.0422	golang.org/x/crypto	v0.39.0	CVE-2026-46597	true	prometheus_libvirt_exporter-2.2.0-1.sl9^1
STAK-consul-pvs___1.0-20260914.0422	golang.org/x/crypto	v0.11.0	CVE-2026-46597	true	consul-1.16.1-1.sl9^1
STAK-prometheus-libvirt-exporter-pvs___1.0-20260914.0422	golang.org/x/crypto	v0.39.0	CVE-2026-46595	true	prometheus_libvirt_exporter-2.2.0-1.sl9^1
STAK-consul-pvs___1.0-20260914.0422	golang.org/x/crypto	v0.11.0	CVE-2026-46595	true	consul-1.16.1-1.sl9^1
STAK-consul-pvs___1.0-20260914.0422	golang.org/x/crypto	v0.11.0	CVE-2026-42508	true	consul-1.16.1-1.sl9^1
STAK-prometheus-libvirt-exporter-pvs___1.0-20260914.0422	golang.org/x/crypto	v0.39.0	CVE-2026-39835	true	prometheus_libvirt_exporter-2.2.0-1.sl9^1
STAK-consul-pvs___1.0-20260914.0422	golang.org/x/crypto	v0.11.0	CVE-2026-39835	true	consul-1.16.1-1.sl9^1
STAK-prometheus-libvirt-exporter-pvs___1.0-20260914.0422	golang.org/x/crypto	v0.39.0	CVE-2026-39834	true	prometheus_libvirt_exporter-2.2.0-1.sl9^1
STAK-consul-pvs___1.0-20260914.0422	golang.org/x/crypto	v0.11.0	CVE-2026-39834	true	consul-1.16.1-1.sl9^1
STAK-prometheus-libvirt-exporter-pvs___1.0-20260914.0422	golang.org/x/crypto	v0.39.0	CVE-2026-39833	true	prometheus_libvirt_exporter-2.2.0-1.sl9^1
STAK-consul-pvs___1.0-20260914.0422	golang.org/x/crypto	v0.11.0	CVE-2026-39833	true	consul-1.16.1-1.sl9^1
STAK-prometheus-libvirt-exporter-pvs___1.0-20260914.0422	golang.org/x/crypto	v0.39.0	CVE-2026-39832	true	prometheus_libvirt_exporter-2.2.0-1.sl9^1
STAK-consul-pvs___1.0-20260914.0422	golang.org/x/crypto	v0.11.0	CVE-2026-39832	true	consul-1.16.1-1.sl9^1
STAK-prometheus-libvirt-exporter-pvs___1.0-20260914.0422	golang.org/x/crypto	v0.39.0	CVE-2026-39831	true	prometheus_libvirt_exporter-2.2.0-1.sl9^1
STAK-consul-pvs___1.0-20260914.0422	golang.org/x/crypto	v0.11.0	CVE-2026-39831	true	consul-1.16.1-1.sl9^1
STAK-prometheus-libvirt-exporter-pvs___1.0-20260914.0422	golang.org/x/crypto	v0.39.0	CVE-2026-39830	true	prometheus_libvirt_exporter-2.2.0-1.sl9^1
STAK-consul-pvs___1.0-20260914.0422	golang.org/x/crypto	v0.11.0	CVE-2026-39830	true	consul-1.16.1-1.sl9^1
STAK-prometheus-libvirt-exporter-pvs___1.0-20260914.0422	golang.org/x/crypto	v0.39.0	CVE-2026-39829	true	prometheus_libvirt_exporter-2.2.0-1.sl9^1
STAK-consul-pvs___1.0-20260914.0422	golang.org/x/crypto	v0.11.0	CVE-2026-39829	true	consul-1.16.1-1.sl9^1
STAK-consul-pvs___1.0-20260914.0422	golang.org/x/crypto	v0.11.0	CVE-2026-39828	true	consul-1.16.1-1.sl9^1
STAK-prometheus-libvirt-exporter-pvs___1.0-20260914.0422	golang.org/x/crypto	v0.39.0	CVE-2026-39827	true	prometheus_libvirt_exporter-2.2.0-1.sl9^1
STAK-consul-pvs___1.0-20260914.0422	golang.org/x/crypto	v0.11.0	CVE-2026-39827	true	consul-1.16.1-1.sl9^1
STAK-prometheus-libvirt-exporter-pvs___1.0-20260914.0422	golang.org/x/crypto	v0.39.0	CVE-2025-58181	true	prometheus_libvirt_exporter-2.2.0-1.sl9^1
STAK-consul-pvs___1.0-20260914.0422	golang.org/x/crypto	v0.11.0	CVE-2025-58181	true	consul-1.16.1-1.sl9^1
STAK-prometheus-libvirt-exporter-pvs___1.0-20260914.0422	golang.org/x/crypto	v0.39.0	CVE-2025-47914	true	prometheus_libvirt_exporter-2.2.0-1.sl9^1
STAK-consul-pvs___1.0-20260914.0422	golang.org/x/crypto	v0.11.0	CVE-2025-47914	true	consul-1.16.1-1.sl9^1
STAK-prometheus-libvirt-exporter-pvs___1.0-20260914.0422	golang.org/x/crypto	v0.39.0	CVE-2025-47913	true	prometheus_libvirt_exporter-2.2.0-1.sl9^1
STAK-consul-pvs___1.0-20260914.0422	golang.org/x/crypto	v0.11.0	CVE-2025-47913	true	consul-1.16.1-1.sl9^1
STAK-consul-pvs___1.0-20260914.0422	golang.org/x/crypto	v0.11.0	CVE-2025-22869	true	consul-1.16.1-1.sl9^1
STAK-consul-pvs___1.0-20260914.0422	golang.org/x/crypto	v0.11.0	CVE-2024-45337	true	consul-1.16.1-1.sl9^1
STAK-consul-pvs___1.0-20260914.0422	golang.org/x/crypto	v0.11.0	CVE-2023-48795	true	consul-1.16.1-1.sl9^1
STAK-consul-pvs___1.0-20260914.0422	golang.org/x/net	v0.13.0	CVE-2026-42506	true	consul-1.16.1-1.sl9^1
STAK-prometheus-memcached-exporter-pvs___1.0-20260914.0422	golang.org/x/net	v0.47.0	CVE-2026-39821	true	prometheus-memcached-exporter-0.15.5-1.sl9^1
STAK-consul-pvs___1.0-20260914.0422	golang.org/x/net	v0.13.0	CVE-2026-39821	true	consul-1.16.1-1.sl9^1
STAK-prometheus-mysqld-exporter-pvs___1.0-20260914.0422	golang.org/x/net	v0.33.0	CVE-2026-39821	true	prometheus-mysqld-exporter-0.17.2-1.sl9^1
STAK-prometheus-openstack-exporter-pvs___1.0-20260914.0422	golang.org/x/net	v0.10.0	CVE-2026-39821	true	prometheus-openstack-exporter-1.7.0-1.sl9^1
STAK-prometheus-memcached-exporter-pvs___1.0-20260914.0422	golang.org/x/net	v0.47.0	CVE-2026-33814	true	prometheus-memcached-exporter-0.15.5-1.sl9^1
STAK-consul-pvs___1.0-20260914.0422	golang.org/x/net	v0.13.0	CVE-2026-33814	true	consul-1.16.1-1.sl9^1
STAK-prometheus-mysqld-exporter-pvs___1.0-20260914.0422	golang.org/x/net	v0.33.0	CVE-2026-33814	true	prometheus-mysqld-exporter-0.17.2-1.sl9^1
STAK-prometheus-alertmanager-pvs___1.0-20260914.0422	golang.org/x/net	v0.0.0-20210726213435-c6fcb2dbf985	CVE-2026-33814	true	golang-github-prometheus-alertmanager-0.23.0-6.sl9^1
STAK-consul-pvs___1.0-20260914.0422	golang.org/x/net	v0.13.0	CVE-2026-27136	true	consul-1.16.1-1.sl9^1
STAK-consul-pvs___1.0-20260914.0422	golang.org/x/net	v0.13.0	CVE-2026-25681	true	consul-1.16.1-1.sl9^1
STAK-consul-pvs___1.0-20260914.0422	golang.org/x/net	v0.13.0	CVE-2026-25680	true	consul-1.16.1-1.sl9^1
STAK-consul-pvs___1.0-20260914.0422	golang.org/x/net	v0.13.0	CVE-2025-58190	true	consul-1.16.1-1.sl9^1
STAK-consul-pvs___1.0-20260914.0422	golang.org/x/net	v0.13.0	CVE-2025-47911	true	consul-1.16.1-1.sl9^1
STAK-consul-pvs___1.0-20260914.0422	golang.org/x/net	v0.13.0	CVE-2025-22872	true	consul-1.16.1-1.sl9^1
STAK-consul-pvs___1.0-20260914.0422	golang.org/x/net	v0.13.0	CVE-2025-22870	true	consul-1.16.1-1.sl9^1
STAK-prometheus-openstack-exporter-pvs___1.0-20260914.0422	golang.org/x/net	v0.10.0	CVE-2025-22870	true	prometheus-openstack-exporter-1.7.0-1.sl9^1
STAK-consul-pvs___1.0-20260914.0422	golang.org/x/net	v0.13.0	CVE-2024-45338	true	consul-1.16.1-1.sl9^1
STAK-consul-pvs___1.0-20260914.0422	golang.org/x/net	v0.13.0	CVE-2023-45288	true	consul-1.16.1-1.sl9^1
STAK-prometheus-alertmanager-pvs___1.0-20260914.0422	golang.org/x/net	v0.0.0-20210726213435-c6fcb2dbf985	CVE-2023-45288	true	golang-github-prometheus-alertmanager-0.23.0-6.sl9^1
STAK-prometheus-openstack-exporter-pvs___1.0-20260914.0422	golang.org/x/net	v0.10.0	CVE-2023-45288	true	prometheus-openstack-exporter-1.7.0-1.sl9^1
STAK-consul-pvs___1.0-20260914.0422	golang.org/x/net	v0.13.0	CVE-2023-44487	true	consul-1.16.1-1.sl9^1
STAK-consul-pvs___1.0-20260914.0422	golang.org/x/net	v0.13.0	CVE-2023-39325	true	consul-1.16.1-1.sl9^1
STAK-prometheus-alertmanager-pvs___1.0-20260914.0422	golang.org/x/net	v0.0.0-20210726213435-c6fcb2dbf985	CVE-2023-39325	true	golang-github-prometheus-alertmanager-0.23.0-6.sl9^1
STAK-prometheus-openstack-exporter-pvs___1.0-20260914.0422	golang.org/x/net	v0.10.0	CVE-2023-39325	true	prometheus-openstack-exporter-1.7.0-1.sl9^1
STAK-prometheus-alertmanager-pvs___1.0-20260914.0422	golang.org/x/net	v0.0.0-20210726213435-c6fcb2dbf985	CVE-2022-41723	true	golang-github-prometheus-alertmanager-0.23.0-6.sl9^1
STAK-prometheus-server-pvs___1.0-20260914.0422	golang.org/x/oauth2	v0.25.0	CVE-2025-22868	true	prometheus-server-3.2.1-1.sl9^1
STAK-consul-pvs___1.0-20260914.0422	golang.org/x/oauth2	v0.6.0	CVE-2025-22868	true	consul-1.16.1-1.sl9^1
STAK-prometheus-libvirt-exporter-pvs___1.0-20260914.0422	golang.org/x/text	v0.26.0	CVE-2026-56852	true	prometheus_libvirt_exporter-2.2.0-1.sl9^1
STAK-prometheus-memcached-exporter-pvs___1.0-20260914.0422	golang.org/x/text	v0.31.0	CVE-2026-56852	true	prometheus-memcached-exporter-0.15.5-1.sl9^1
STAK-prometheus-openstack-exporter-pvs___1.0-20260914.0422	golang.org/x/text	v0.9.0	CVE-2026-56852	true	prometheus-openstack-exporter-1.7.0-1.sl9^1
STAK-consul-pvs___1.0-20260914.0422	google.golang.org/grpc	v1.55.0	GHSA-hrxh-6v49-42gf	true	consul-1.16.1-1.sl9^1
STAK-prometheus-server-pvs___1.0-20260914.0422	google.golang.org/grpc	v1.70.0	CVE-2026-84445	true	prometheus-server-3.2.1-1.sl9^1
STAK-etcd-pvs___1.0-20260914.0422	google.golang.org/grpc	v1.82.1	CVE-2026-84445	true	etcd-3.5.33-1.sl9^1^1
STAK-consul-pvs___1.0-20260914.0422	google.golang.org/grpc	v1.55.0	CVE-2026-84445	true	consul-1.16.1-1.sl9^1
STAK-prometheus-blackbox-exporter-pvs___1.0-20260914.0422	google.golang.org/grpc	v1.70.0	CVE-2026-84445	true	blackbox_exporter-0.26.0-2.sl9^2^1
STAK-kolla-toolbox-pvs___1.0-20260914.0422	google.golang.org/grpc	v1.26.0	CVE-2026-84445	true	influxdb-1.8.10-1.sl9^1
STAK-prometheus-server-pvs___1.0-20260914.0422	google.golang.org/grpc	v1.70.0	CVE-2026-84304	true	prometheus-server-3.2.1-1.sl9^1
STAK-etcd-pvs___1.0-20260914.0422	google.golang.org/grpc	v1.82.1	CVE-2026-84304	true	etcd-3.5.33-1.sl9^1^1
STAK-consul-pvs___1.0-20260914.0422	google.golang.org/grpc	v1.55.0	CVE-2026-84304	true	consul-1.16.1-1.sl9^1
STAK-prometheus-blackbox-exporter-pvs___1.0-20260914.0422	google.golang.org/grpc	v1.70.0	CVE-2026-84304	true	blackbox_exporter-0.26.0-2.sl9^2^1
STAK-kolla-toolbox-pvs___1.0-20260914.0422	google.golang.org/grpc	v1.26.0	CVE-2026-84304	true	influxdb-1.8.10-1.sl9^1
STAK-prometheus-server-pvs___1.0-20260914.0422	google.golang.org/grpc	v1.70.0	CVE-2026-84303	true	prometheus-server-3.2.1-1.sl9^1
STAK-consul-pvs___1.0-20260914.0422	google.golang.org/grpc	v1.55.0	CVE-2026-84303	true	consul-1.16.1-1.sl9^1
STAK-kolla-toolbox-pvs___1.0-20260914.0422	google.golang.org/grpc	v1.26.0	CVE-2026-84303	true	influxdb-1.8.10-1.sl9^1
STAK-consul-pvs___1.0-20260914.0422	google.golang.org/grpc	v1.55.0	CVE-2026-33186	true	consul-1.16.1-1.sl9^1
STAK-consul-pvs___1.0-20260914.0422	google.golang.org/grpc	v1.55.0	CVE-2023-44487	true	consul-1.16.1-1.sl9^1
